rel_path,size_bytes,width,height,orientation,aspect_ratio,aspect_bucket,recommended_use,notes
1000043807.JPG,77123,1000,1000,landscape,1.0,square-ish,gallery / versatile,"gallery, service card, case study"
1000043810.JPG,58370,1000,1000,landscape,1.0,square-ish,gallery / versatile,"gallery, service card, case study"
1000043813.JPG,58523,1000,1000,landscape,1.0,square-ish,gallery / versatile,"gallery, service card, case study"
1000043816.JPG,59875,1000,1000,landscape,1.0,square-ish,gallery / versatile,"gallery, service card, case study"
1000043819.JPG,48865,1000,1000,landscape,1.0,square-ish,gallery / versatile,"gallery, service card, case study"
1000043822.JPG,52823,1000,1000,landscape,1.0,square-ish,gallery / versatile,"gallery, service card, case study"
1000043825.JPG,48878,1000,1000,landscape,1.0,square-ish,gallery / versatile,"gallery, service card, case study"
1000043828.JPG,57315,1000,1000,landscape,1.0,square-ish,gallery / versatile,"gallery, service card, case study"
1000043831.JPG,42610,1000,1000,landscape,1.0,square-ish,gallery / versatile,"gallery, service card, case study"
1000043834.JPG,51220,1000,1000,landscape,1.0,square-ish,gallery / versatile,"gallery, service card, case study"
1000043837.JPG,32815,1000,1000,landscape,1.0,square-ish,gallery / versatile,"gallery, service card, case study"
1000043840.JPG,48854,1000,1000,landscape,1.0,square-ish,gallery / versatile,"gallery, service card, case study"
1000043843.JPG,54047,1000,1000,landscape,1.0,square-ish,gallery / versatile,"gallery, service card, case study"
1000043845.JPG,35991,1000,1000,landscape,1.0,square-ish,gallery / versatile,"gallery, service card, case study"
1000043847.JPG,71370,1000,1000,landscape,1.0,square-ish,gallery / versatile,"gallery, service card, case study"
1000043849.JPG,30242,1000,1000,landscape,1.0,square-ish,gallery / versatile,"gallery, service card, case study"
1000043851.JPG,48778,1000,1000,landscape,1.0,square-ish,gallery / versatile,"gallery, service card, case study"
1000043853.JPG,24419,1000,1000,landscape,1.0,square-ish,gallery / versatile,"gallery, service card, case study"
1000043856.JPG,49687,1000,1000,landscape,1.0,square-ish,gallery / versatile,"gallery, service card, case study"
1000043859.JPG,61935,1000,1000,landscape,1.0,square-ish,gallery / versatile,"gallery, service card, case study"
1000043862.JPG,43986,1000,1000,landscape,1.0,square-ish,gallery / versatile,"gallery, service card, case study"
1000043865.JPG,61338,1000,1000,landscape,1.0,square-ish,gallery / versatile,"gallery, service card, case study"
1000043868.JPG,58195,1000,1000,landscape,1.0,square-ish,gallery / versatile,"gallery, service card, case study"
1000043871.JPG,41183,1000,1000,landscape,1.0,square-ish,gallery / versatile,"gallery, service card, case study"
1000043874.JPG,46721,1000,1000,landscape,1.0,square-ish,gallery / versatile,"gallery, service card, case study"
1000043877.JPG,22156,1000,1000,landscape,1.0,square-ish,gallery / versatile,"gallery, service card, case study"
1000043880.JPG,45237,1000,1000,landscape,1.0,square-ish,gallery / versatile,"gallery, service card, case study"
1000043883.JPG,55931,1000,1000,landscape,1.0,square-ish,gallery / versatile,"gallery, service card, case study"
1000043886.JPG,52642,1000,1000,landscape,1.0,square-ish,gallery / versatile,"gallery, service card, case study"
1000043889.JPG,46012,1000,1000,landscape,1.0,square-ish,gallery / versatile,"gallery, service card, case study"
1000043892.JPG,40982,1000,1000,landscape,1.0,square-ish,gallery / versatile,"gallery, service card, case study"
1000043895.JPG,42916,1000,1000,landscape,1.0,square-ish,gallery / versatile,"gallery, service card, case study"
1000043898.JPG,23770,1000,1000,landscape,1.0,square-ish,gallery / versatile,"gallery, service card, case study"
1000043906.JPG,61130,1000,1000,landscape,1.0,square-ish,gallery / versatile,"gallery, service card, case study"
1000043909.JPG,48214,1000,1000,landscape,1.0,square-ish,gallery / versatile,"gallery, service card, case study"
1000043912.JPG,72848,1000,1000,landscape,1.0,square-ish,gallery / versatile,"gallery, service card, case study"
1000043914.JPG,52280,1000,1000,landscape,1.0,square-ish,gallery / versatile,"gallery, service card, case study"
1000043916.JPG,25424,1000,1000,landscape,1.0,square-ish,gallery / versatile,"gallery, service card, case study"
1000043918.JPG,59646,1000,1000,landscape,1.0,square-ish,gallery / versatile,"gallery, service card, case study"
1000043920.JPG,46597,1000,1000,landscape,1.0,square-ish,gallery / versatile,"gallery, service card, case study"
1000043922.JPG,43264,1000,1000,landscape,1.0,square-ish,gallery / versatile,"gallery, service card, case study"
1000043924.JPG,48193,1000,1000,landscape,1.0,square-ish,gallery / versatile,"gallery, service card, case study"
1000043926.JPG,26960,1000,1000,landscape,1.0,square-ish,gallery / versatile,"gallery, service card, case study"
1000043928.JPG,42528,1000,1000,landscape,1.0,square-ish,gallery / versatile,"gallery, service card, case study"
1000043930.JPG,51424,1000,1000,landscape,1.0,square-ish,gallery / versatile,"gallery, service card, case study"
1000043932.JPG,61263,1000,1000,landscape,1.0,square-ish,gallery / versatile,"gallery, service card, case study"
1000043934.JPG,45220,1000,1000,landscape,1.0,square-ish,gallery / versatile,"gallery, service card, case study"
1000043936.JPG,54995,1000,1000,landscape,1.0,square-ish,gallery / versatile,"gallery, service card, case study"
1000043938.JPG,31867,1000,1000,landscape,1.0,square-ish,gallery / versatile,"gallery, service card, case study"
1000043940.JPG,52180,1000,1000,landscape,1.0,square-ish,gallery / versatile,"gallery, service card, case study"
1000043942.JPG,65722,1000,1000,landscape,1.0,square-ish,gallery / versatile,"gallery, service card, case study"
1000043944.JPG,52810,1000,1000,landscape,1.0,square-ish,gallery / versatile,"gallery, service card, case study"
1000043946.JPG,37039,1000,1000,landscape,1.0,square-ish,gallery / versatile,"gallery, service card, case study"
1000043948.JPG,43830,1000,1000,landscape,1.0,square-ish,gallery / versatile,"gallery, service card, case study"
1000043950.JPG,47272,1000,1000,landscape,1.0,square-ish,gallery / versatile,"gallery, service card, case study"
1000043952.JPG,51160,1000,1000,landscape,1.0,square-ish,gallery / versatile,"gallery, service card, case study"
1000043954.JPG,60164,1000,1000,landscape,1.0,square-ish,gallery / versatile,"gallery, service card, case study"
1000043956.JPG,43717,1000,1000,landscape,1.0,square-ish,gallery / versatile,"gallery, service card, case study"
1000043958.JPG,51905,1000,1000,landscape,1.0,square-ish,gallery / versatile,"gallery, service card, case study"
1000043960.JPG,60221,1000,1000,landscape,1.0,square-ish,gallery / versatile,"gallery, service card, case study"
1000043962.JPG,81066,1000,1000,landscape,1.0,square-ish,gallery / versatile,"gallery, service card, case study"
1000043964.JPG,54102,1000,1000,landscape,1.0,square-ish,gallery / versatile,"gallery, service card, case study"
1000043966.JPG,51195,1000,1000,landscape,1.0,square-ish,gallery / versatile,"gallery, service card, case study"
1000043968.JPG,48868,1000,1000,landscape,1.0,square-ish,gallery / versatile,"gallery, service card, case study"
1000043971.JPG,61390,1000,1000,landscape,1.0,square-ish,gallery / versatile,"gallery, service card, case study"
1000043974.JPG,63618,1000,1000,landscape,1.0,square-ish,gallery / versatile,"gallery, service card, case study"
1000043977.JPG,13455,1000,1000,landscape,1.0,square-ish,gallery / versatile,"gallery, service card, case study"
1000043980.JPG,49601,1000,1000,landscape,1.0,square-ish,gallery / versatile,"gallery, service card, case study"
1000043983.JPG,48616,1000,1000,landscape,1.0,square-ish,gallery / versatile,"gallery, service card, case study"
1000043986.JPG,73112,1000,1000,landscape,1.0,square-ish,gallery / versatile,"gallery, service card, case study"
1000043989.JPG,46388,1000,1000,landscape,1.0,square-ish,gallery / versatile,"gallery, service card, case study"
1000043992.JPG,45296,1000,1000,landscape,1.0,square-ish,gallery / versatile,"gallery, service card, case study"
1000043995.JPG,47506,1000,1000,landscape,1.0,square-ish,gallery / versatile,"gallery, service card, case study"
1000043998.JPG,24450,1000,1000,landscape,1.0,square-ish,gallery / versatile,"gallery, service card, case study"
1000044001.JPG,49618,1000,1000,landscape,1.0,square-ish,gallery / versatile,"gallery, service card, case study"
1000044004.JPG,43471,1000,1000,landscape,1.0,square-ish,gallery / versatile,"gallery, service card, case study"
1000044007.JPG,50500,1000,1000,landscape,1.0,square-ish,gallery / versatile,"gallery, service card, case study"
1000044010.JPG,58801,1000,1000,landscape,1.0,square-ish,gallery / versatile,"gallery, service card, case study"
1000044012.JPG,44738,1000,1000,landscape,1.0,square-ish,gallery / versatile,"gallery, service card, case study"
1000044014.JPG,63626,1000,1000,landscape,1.0,square-ish,gallery / versatile,"gallery, service card, case study"
1000044016.JPG,28787,1000,1000,landscape,1.0,square-ish,gallery / versatile,"gallery, service card, case study"
1000044018.JPG,47461,1000,1000,landscape,1.0,square-ish,gallery / versatile,"gallery, service card, case study"
1000044020.JPG,24963,1000,1000,landscape,1.0,square-ish,gallery / versatile,"gallery, service card, case study"
1000044022.JPG,49063,1000,1000,landscape,1.0,square-ish,gallery / versatile,"gallery, service card, case study"
1000044024.JPG,56990,1000,1000,landscape,1.0,square-ish,gallery / versatile,"gallery, service card, case study"
1000044026.JPG,53314,1000,1000,landscape,1.0,square-ish,gallery / versatile,"gallery, service card, case study"
1000044028.JPG,71333,1000,1000,landscape,1.0,square-ish,gallery / versatile,"gallery, service card, case study"
1000044030.JPG,50398,1000,1000,landscape,1.0,square-ish,gallery / versatile,"gallery, service card, case study"
1000044032.JPG,44167,1000,1000,landscape,1.0,square-ish,gallery / versatile,"gallery, service card, case study"
1000044034.JPG,52084,1000,1000,landscape,1.0,square-ish,gallery / versatile,"gallery, service card, case study"
1000044036.JPG,81477,1000,1000,landscape,1.0,square-ish,gallery / versatile,"gallery, service card, case study"
1000044038.JPG,51546,1000,1000,landscape,1.0,square-ish,gallery / versatile,"gallery, service card, case study"
1000044040.JPG,53114,1000,1000,landscape,1.0,square-ish,gallery / versatile,"gallery, service card, case study"
1000044042.JPG,26357,1000,1000,landscape,1.0,square-ish,gallery / versatile,"gallery, service card, case study"
1000044044.JPG,26164,1000,1000,landscape,1.0,square-ish,gallery / versatile,"gallery, service card, case study"
1000044046.JPG,60741,1000,1000,landscape,1.0,square-ish,gallery / versatile,"gallery, service card, case study"
1000044048.JPG,69344,1000,1000,landscape,1.0,square-ish,gallery / versatile,"gallery, service card, case study"
1000044050.JPG,17889,1000,1000,landscape,1.0,square-ish,gallery / versatile,"gallery, service card, case study"
1000044052.JPG,61394,1000,1000,landscape,1.0,square-ish,gallery / versatile,"gallery, service card, case study"
1000044087.JPG,72966,1000,1000,landscape,1.0,square-ish,gallery / versatile,"gallery, service card, case study"
1000044097.JPG,42947,1000,1000,landscape,1.0,square-ish,gallery / versatile,"gallery, service card, case study"
1000044100.JPG,40074,1000,1000,landscape,1.0,square-ish,gallery / versatile,"gallery, service card, case study"
1000044113.JPG,44646,1000,1000,landscape,1.0,square-ish,gallery / versatile,"gallery, service card, case study"
1000044116.JPG,57248,1000,1000,landscape,1.0,square-ish,gallery / versatile,"gallery, service card, case study"
1000044119.JPG,42550,1000,1000,landscape,1.0,square-ish,gallery / versatile,"gallery, service card, case study"
1000044121.JPG,60098,1000,1000,landscape,1.0,square-ish,gallery / versatile,"gallery, service card, case study"
1000044123.JPG,46104,1000,1000,landscape,1.0,square-ish,gallery / versatile,"gallery, service card, case study"
1000044125.JPG,50305,1000,1000,landscape,1.0,square-ish,gallery / versatile,"gallery, service card, case study"
1000044127.JPG,52036,1000,1000,landscape,1.0,square-ish,gallery / versatile,"gallery, service card, case study"
1000044129.JPG,53844,1000,1000,landscape,1.0,square-ish,gallery / versatile,"gallery, service card, case study"
1000044131.JPG,56475,1000,1000,landscape,1.0,square-ish,gallery / versatile,"gallery, service card, case study"
1000044133.JPG,47247,1000,1000,landscape,1.0,square-ish,gallery / versatile,"gallery, service card, case study"
1000044135.JPG,40701,1000,1000,landscape,1.0,square-ish,gallery / versatile,"gallery, service card, case study"
1000044137.JPG,61688,1000,1000,landscape,1.0,square-ish,gallery / versatile,"gallery, service card, case study"
1000044139.JPG,79066,1000,1000,landscape,1.0,square-ish,gallery / versatile,"gallery, service card, case study"
1000044141.JPG,43581,1000,1000,landscape,1.0,square-ish,gallery / versatile,"gallery, service card, case study"
1000044143.JPG,50266,1000,1000,landscape,1.0,square-ish,gallery / versatile,"gallery, service card, case study"
1000044145.JPG,53714,1000,1000,landscape,1.0,square-ish,gallery / versatile,"gallery, service card, case study"
1000044147.JPG,64124,1000,1000,landscape,1.0,square-ish,gallery / versatile,"gallery, service card, case study"
1000044149.JPG,50164,1000,1000,landscape,1.0,square-ish,gallery / versatile,"gallery, service card, case study"
1000044151.JPG,50140,1000,1000,landscape,1.0,square-ish,gallery / versatile,"gallery, service card, case study"
1000044153.JPG,33553,1000,1000,landscape,1.0,square-ish,gallery / versatile,"gallery, service card, case study"
1000044155.JPG,69934,1000,1000,landscape,1.0,square-ish,gallery / versatile,"gallery, service card, case study"
1000044157.JPG,53402,1000,1000,landscape,1.0,square-ish,gallery / versatile,"gallery, service card, case study"
1000044159.JPG,34003,1000,1000,landscape,1.0,square-ish,gallery / versatile,"gallery, service card, case study"
1000044161.JPG,65975,1000,1000,landscape,1.0,square-ish,gallery / versatile,"gallery, service card, case study"
1000044163.JPG,46893,1000,1000,landscape,1.0,square-ish,gallery / versatile,"gallery, service card, case study"
1000044165.JPG,64263,1000,1000,landscape,1.0,square-ish,gallery / versatile,"gallery, service card, case study"
1000044167.JPG,47011,1000,1000,landscape,1.0,square-ish,gallery / versatile,"gallery, service card, case study"
1000044169.JPG,44680,1000,1000,landscape,1.0,square-ish,gallery / versatile,"gallery, service card, case study"
1000044171.JPG,41671,1000,1000,landscape,1.0,square-ish,gallery / versatile,"gallery, service card, case study"
1000044174.JPG,46958,1000,1000,landscape,1.0,square-ish,gallery / versatile,"gallery, service card, case study"
1000048810.JPG,53594,1000,1000,landscape,1.0,square-ish,gallery / versatile,"gallery, service card, case study"
1000048835.JPG,71056,1440,1440,landscape,1.0,square-ish,gallery / versatile,"gallery, service card, case study"
1000048837.JPG,370624,1600,1200,landscape,1.3333,square-ish,gallery / versatile,"gallery, service card, case study"
1000048842.JPG,338641,1600,1200,landscape,1.3333,square-ish,gallery / versatile,"gallery, service card, case study"
1000048844.JPG,282760,1600,1200,landscape,1.3333,square-ish,gallery / versatile,"gallery, service card, case study"
1000048846.JPG,60518,500,480,landscape,1.0417,square-ish,gallery / versatile,"gallery, service card, case study"
1000048847.JPG,372632,1600,1200,landscape,1.3333,square-ish,gallery / versatile,"gallery, service card, case study"
1000048848.JPG,468366,1600,1200,landscape,1.3333,square-ish,gallery / versatile,"gallery, service card, case study"
1000048850.JPG,456463,1600,1200,landscape,1.3333,square-ish,gallery / versatile,"gallery, service card, case study"
1000048851.JPG,293904,1600,1200,landscape,1.3333,square-ish,gallery / versatile,"gallery, service card, case study"
1000048853.JPG,396474,1600,1200,landscape,1.3333,square-ish,gallery / versatile,"gallery, service card, case study"
1000048854.JPG,448341,1600,1200,landscape,1.3333,square-ish,gallery / versatile,"gallery, service card, case study"
1000048855.JPG,473669,1600,1200,landscape,1.3333,square-ish,gallery / versatile,"gallery, service card, case study"
1000048856.JPG,262229,1600,1200,landscape,1.3333,square-ish,gallery / versatile,"gallery, service card, case study"
1000048857.JPG,240944,1600,1200,landscape,1.3333,square-ish,gallery / versatile,"gallery, service card, case study"
1000048858.JPG,404942,1600,1200,landscape,1.3333,square-ish,gallery / versatile,"gallery, service card, case study"
1000048859.JPG,259575,1286,965,landscape,1.3326,square-ish,gallery / versatile,"gallery, service card, case study"
1000048866.JPG,491336,1600,1200,landscape,1.3333,square-ish,gallery / versatile,"gallery, service card, case study"
1000048867.JPG,421787,1600,1200,landscape,1.3333,square-ish,gallery / versatile,"gallery, service card, case study"
1000048868.JPG,402409,1600,1200,landscape,1.3333,square-ish,gallery / versatile,"gallery, service card, case study"
1000048869.JPG,476110,1600,1200,landscape,1.3333,square-ish,gallery / versatile,"gallery, service card, case study"
1000048873.JPG,326487,1600,1200,landscape,1.3333,square-ish,gallery / versatile,"gallery, service card, case study"
1000048874.JPG,345559,1600,1200,landscape,1.3333,square-ish,gallery / versatile,"gallery, service card, case study"
1000048875.JPG,390644,1600,1200,landscape,1.3333,square-ish,gallery / versatile,"gallery, service card, case study"
1000048877.JPG,359978,1600,1200,landscape,1.3333,square-ish,gallery / versatile,"gallery, service card, case study"
1000048878.JPG,178253,1000,750,landscape,1.3333,square-ish,gallery / versatile,"gallery, service card, case study"
1000048879.JPG,408316,1600,1200,landscape,1.3333,square-ish,gallery / versatile,"gallery, service card, case study"
1000048880.JPG,456837,1600,1200,landscape,1.3333,square-ish,gallery / versatile,"gallery, service card, case study"
1000048881.JPG,373471,1600,1200,landscape,1.3333,square-ish,gallery / versatile,"gallery, service card, case study"
1000048885.JPG,191839,1064,800,landscape,1.33,square-ish,gallery / versatile,"gallery, service card, case study"
1000048886.JPG,435629,1600,1200,landscape,1.3333,square-ish,gallery / versatile,"gallery, service card, case study"
1000048888.JPG,352783,1600,1200,landscape,1.3333,square-ish,gallery / versatile,"gallery, service card, case study"
1000048890.JPG,225080,1440,1080,landscape,1.3333,square-ish,gallery / versatile,"gallery, service card, case study"
1000048891.JPG,247222,1600,1200,landscape,1.3333,square-ish,gallery / versatile,"gallery, service card, case study"
1000048892.JPG,54279,1024,1024,landscape,1.0,square-ish,gallery / versatile,"gallery, service card, case study"
1000048893.JPG,466204,1286,1286,landscape,1.0,square-ish,gallery / versatile,"gallery, service card, case study"
1000048894.JPG,341410,1600,1200,landscape,1.3333,square-ish,gallery / versatile,"gallery, service card, case study"
1000048896.JPG,204491,1600,1200,landscape,1.3333,square-ish,gallery / versatile,"gallery, service card, case study"
1000048898.JPG,424155,1600,1200,landscape,1.3333,square-ish,gallery / versatile,"gallery, service card, case study"
1000051911.JPG,322820,2048,1647,landscape,1.2435,square-ish,gallery / versatile,"gallery, service card, case study"
1000051912.JPG,455574,2048,1536,landscape,1.3333,square-ish,gallery / versatile,"gallery, service card, case study"
1000051914.JPG,117910,1063,840,landscape,1.2655,square-ish,gallery / versatile,"gallery, service card, case study"
1000051915.JPG,674686,2048,1536,landscape,1.3333,square-ish,gallery / versatile,"gallery, service card, case study"
1000051916.JPG,63318,1143,859,landscape,1.3306,square-ish,gallery / versatile,"gallery, service card, case study"
1000051917.JPG,73508,1199,1040,landscape,1.1529,square-ish,gallery / versatile,"gallery, service card, case study"
1000051967.JPG,428856,2048,1536,landscape,1.3333,square-ish,gallery / versatile,"gallery, service card, case study"
1000051971.JPG,900554,2048,1536,landscape,1.3333,square-ish,gallery / versatile,"gallery, service card, case study"
1000051974.JPG,912947,2048,1536,landscape,1.3333,square-ish,gallery / versatile,"gallery, service card, case study"
1000051977.JPG,51538,640,640,landscape,1.0,square-ish,gallery / versatile,"gallery, service card, case study"
1000051980.JPG,707737,2048,1536,landscape,1.3333,square-ish,gallery / versatile,"gallery, service card, case study"
1000051982.JPG,29889,427,459,portrait,0.9303,square-ish,gallery / versatile,"gallery, service card, case study"
1000051983.JPG,167044,1000,750,landscape,1.3333,square-ish,gallery / versatile,"gallery, service card, case study"
1000051984.JPG,687014,2048,1536,landscape,1.3333,square-ish,gallery / versatile,"gallery, service card, case study"
1000051985.JPG,303046,2048,1536,landscape,1.3333,square-ish,gallery / versatile,"gallery, service card, case study"
1000051989.JPG,327231,2048,1536,landscape,1.3333,square-ish,gallery / versatile,"gallery, service card, case study"
1000051995.JPG,327311,2048,1536,landscape,1.3333,square-ish,gallery / versatile,"gallery, service card, case study"
1000051997.JPG,512109,2048,1536,landscape,1.3333,square-ish,gallery / versatile,"gallery, service card, case study"
1000051998.JPG,820556,2048,1536,landscape,1.3333,square-ish,gallery / versatile,"gallery, service card, case study"
1000051999.JPG,494328,2048,1536,landscape,1.3333,square-ish,gallery / versatile,"gallery, service card, case study"
1000052002.JPG,287103,1600,1200,landscape,1.3333,square-ish,gallery / versatile,"gallery, service card, case study"
1000052004.JPG,458201,1600,1200,landscape,1.3333,square-ish,gallery / versatile,"gallery, service card, case study"
1000052005.JPG,344519,1600,1200,landscape,1.3333,square-ish,gallery / versatile,"gallery, service card, case study"
1000052009.JPG,219963,1600,1200,landscape,1.3333,square-ish,gallery / versatile,"gallery, service card, case study"
1000052010.JPG,242441,1600,1200,landscape,1.3333,square-ish,gallery / versatile,"gallery, service card, case study"
1000052011.JPG,157727,1600,1200,landscape,1.3333,square-ish,gallery / versatile,"gallery, service card, case study"
1000052012.JPG,153859,1600,1200,landscape,1.3333,square-ish,gallery / versatile,"gallery, service card, case study"
1000052014.JPG,450695,1600,1200,landscape,1.3333,square-ish,gallery / versatile,"gallery, service card, case study"
1000052015.JPG,434639,1600,1200,landscape,1.3333,square-ish,gallery / versatile,"gallery, service card, case study"
1000052148.JPG,548890,2048,1536,landscape,1.3333,square-ish,gallery / versatile,"gallery, service card, case study"
1000052155.JPG,611813,2048,1536,landscape,1.3333,square-ish,gallery / versatile,"gallery, service card, case study"
1000052161.JPG,610471,2048,1536,landscape,1.3333,square-ish,gallery / versatile,"gallery, service card, case study"
1000052164.JPG,613099,2048,1536,landscape,1.3333,square-ish,gallery / versatile,"gallery, service card, case study"
1000052170.JPG,593555,2048,1536,landscape,1.3333,square-ish,gallery / versatile,"gallery, service card, case study"
1000052173.JPG,617744,2048,1536,landscape,1.3333,square-ish,gallery / versatile,"gallery, service card, case study"
1000052185.JPG,400149,2048,1536,landscape,1.3333,square-ish,gallery / versatile,"gallery, service card, case study"
1000052186.JPG,28220,500,500,landscape,1.0,square-ish,gallery / versatile,"gallery, service card, case study"
1000052188.JPG,85254,1024,768,landscape,1.3333,square-ish,gallery / versatile,"gallery, service card, case study"
1000052194.JPG,257486,2048,1536,landscape,1.3333,square-ish,gallery / versatile,"gallery, service card, case study"
1000052197.JPG,242401,2048,1536,landscape,1.3333,square-ish,gallery / versatile,"gallery, service card, case study"
1000052200.JPG,437245,2048,1536,landscape,1.3333,square-ish,gallery / versatile,"gallery, service card, case study"
1000052218.JPG,245577,2048,1536,landscape,1.3333,square-ish,gallery / versatile,"gallery, service card, case study"
1000052247.JPG,232049,2048,1536,landscape,1.3333,square-ish,gallery / versatile,"gallery, service card, case study"
1000052248.JPG,194352,2048,1536,landscape,1.3333,square-ish,gallery / versatile,"gallery, service card, case study"
1000052259.JPG,713713,2048,1536,landscape,1.3333,square-ish,gallery / versatile,"gallery, service card, case study"
1000048839.JPG,156408,881,597,landscape,1.4757,square-ish,hero / wide feature,"home hero, service hero, gallery wide"
1000048860.JPG,270989,1600,900,landscape,1.7778,wide,hero / wide feature,"home hero, service hero, gallery wide"
1000048883.JPG,264888,1600,795,landscape,2.0126,wide,hero / wide feature,"home hero, service hero, gallery wide"
1000048897.JPG,200669,1600,900,landscape,1.7778,wide,hero / wide feature,"home hero, service hero, gallery wide"
1000048899.JPG,246556,1600,735,landscape,2.1769,wide,hero / wide feature,"home hero, service hero, gallery wide"
1000051897.JPG,55585,1280,719,landscape,1.7803,wide,hero / wide feature,"home hero, service hero, gallery wide"
1000051902.JPG,103125,1050,600,landscape,1.75,wide,hero / wide feature,"home hero, service hero, gallery wide"
1000051905.JPG,117127,1080,617,landscape,1.7504,wide,hero / wide feature,"home hero, service hero, gallery wide"
1000051908.JPG,191175,1571,513,landscape,3.0624,wide,hero / wide feature,"home hero, service hero, gallery wide"
1000052008.JPG,222246,1600,900,landscape,1.7778,wide,hero / wide feature,"home hero, service hero, gallery wide"
1000052013.JPG,305888,1600,900,landscape,1.7778,wide,hero / wide feature,"home hero, service hero, gallery wide"
1000048813.JPG,388496,1200,1600,portrait,0.75,portrait,portrait / detail,"gallery, detail stack, service detail"
1000048834.JPG,332303,1200,1600,portrait,0.75,portrait,portrait / detail,"gallery, detail stack, service detail"
1000048840.JPG,74855,737,1600,portrait,0.4606,portrait,portrait / detail,"gallery, detail stack, service detail"
1000048843.JPG,315056,1200,1600,portrait,0.75,portrait,portrait / detail,"gallery, detail stack, service detail"
1000048845.JPG,406158,1200,1600,portrait,0.75,portrait,portrait / detail,"gallery, detail stack, service detail"
1000048849.JPG,367932,1200,1600,portrait,0.75,portrait,portrait / detail,"gallery, detail stack, service detail"
1000048861.JPG,323175,1200,1600,portrait,0.75,portrait,portrait / detail,"gallery, detail stack, service detail"
1000048862.JPG,393006,1200,1600,portrait,0.75,portrait,portrait / detail,"gallery, detail stack, service detail"
1000048863.JPG,367304,1200,1600,portrait,0.75,portrait,portrait / detail,"gallery, detail stack, service detail"
1000048864.JPG,451938,1200,1600,portrait,0.75,portrait,portrait / detail,"gallery, detail stack, service detail"
1000048865.JPG,383604,1200,1600,portrait,0.75,portrait,portrait / detail,"gallery, detail stack, service detail"
1000048870.JPG,427759,1200,1600,portrait,0.75,portrait,portrait / detail,"gallery, detail stack, service detail"
1000048876.JPG,426059,1200,1600,portrait,0.75,portrait,portrait / detail,"gallery, detail stack, service detail"
1000048882.JPG,407093,1200,1600,portrait,0.75,portrait,portrait / detail,"gallery, detail stack, service detail"
1000048884.JPG,251571,1200,1600,portrait,0.75,portrait,portrait / detail,"gallery, detail stack, service detail"
1000048887.JPG,340171,1200,1600,portrait,0.75,portrait,portrait / detail,"gallery, detail stack, service detail"
1000048889.JPG,326154,1200,1600,portrait,0.75,portrait,portrait / detail,"gallery, detail stack, service detail"
1000048895.JPG,412887,1200,1600,portrait,0.75,portrait,portrait / detail,"gallery, detail stack, service detail"
1000048900.JPG,358603,1200,1600,portrait,0.75,portrait,portrait / detail,"gallery, detail stack, service detail"
1000048901.JPG,375628,1200,1600,portrait,0.75,portrait,portrait / detail,"gallery, detail stack, service detail"
1000048902.JPG,373058,1200,1600,portrait,0.75,portrait,portrait / detail,"gallery, detail stack, service detail"
1000051913.JPG,125864,946,2048,portrait,0.4619,portrait,portrait / detail,"gallery, detail stack, service detail"
1000051932.JPG,204853,920,2040,portrait,0.451,portrait,portrait / detail,"gallery, detail stack, service detail"
1000051961.JPG,427025,1536,2048,portrait,0.75,portrait,portrait / detail,"gallery, detail stack, service detail"
1000051964.JPG,655885,1536,2048,portrait,0.75,portrait,portrait / detail,"gallery, detail stack, service detail"
1000051968.JPG,614801,1536,2048,portrait,0.75,portrait,portrait / detail,"gallery, detail stack, service detail"
1000051969.JPG,390644,1536,2048,portrait,0.75,portrait,portrait / detail,"gallery, detail stack, service detail"
1000051970.JPG,312265,1536,2048,portrait,0.75,portrait,portrait / detail,"gallery, detail stack, service detail"
1000051981.JPG,567777,1536,2048,portrait,0.75,portrait,portrait / detail,"gallery, detail stack, service detail"
1000051986.JPG,451453,1536,2048,portrait,0.75,portrait,portrait / detail,"gallery, detail stack, service detail"
1000051992.JPG,314047,1536,2048,portrait,0.75,portrait,portrait / detail,"gallery, detail stack, service detail"
1000051994.JPG,217775,1536,2048,portrait,0.75,portrait,portrait / detail,"gallery, detail stack, service detail"
1000051996.JPG,479378,1536,2048,portrait,0.75,portrait,portrait / detail,"gallery, detail stack, service detail"
1000052000.JPG,210112,1200,1600,portrait,0.75,portrait,portrait / detail,"gallery, detail stack, service detail"
1000052001.JPG,339150,1200,1600,portrait,0.75,portrait,portrait / detail,"gallery, detail stack, service detail"
1000052003.JPG,183497,1200,1600,portrait,0.75,portrait,portrait / detail,"gallery, detail stack, service detail"
1000052006.JPG,525252,1200,1600,portrait,0.75,portrait,portrait / detail,"gallery, detail stack, service detail"
1000052007.JPG,428926,900,1600,portrait,0.5625,portrait,portrait / detail,"gallery, detail stack, service detail"
1000052017.JPG,386934,1200,1600,portrait,0.75,portrait,portrait / detail,"gallery, detail stack, service detail"
1000052018.JPG,508640,1200,1600,portrait,0.75,portrait,portrait / detail,"gallery, detail stack, service detail"
1000052019.JPG,524042,1200,1600,portrait,0.75,portrait,portrait / detail,"gallery, detail stack, service detail"
1000052020.JPG,309272,900,1600,portrait,0.5625,portrait,portrait / detail,"gallery, detail stack, service detail"
1000052021.JPG,207676,1200,1600,portrait,0.75,portrait,portrait / detail,"gallery, detail stack, service detail"
1000052022.JPG,294921,1200,1600,portrait,0.75,portrait,portrait / detail,"gallery, detail stack, service detail"
1000052023.JPG,364492,1200,1600,portrait,0.75,portrait,portrait / detail,"gallery, detail stack, service detail"
1000052024.JPG,338007,1200,1600,portrait,0.75,portrait,portrait / detail,"gallery, detail stack, service detail"
1000052025.JPG,316902,1200,1600,portrait,0.75,portrait,portrait / detail,"gallery, detail stack, service detail"
1000052026.JPG,493902,1200,1600,portrait,0.75,portrait,portrait / detail,"gallery, detail stack, service detail"
1000052027.JPG,354428,1200,1600,portrait,0.75,portrait,portrait / detail,"gallery, detail stack, service detail"
1000052028.JPG,171810,1200,1600,portrait,0.75,portrait,portrait / detail,"gallery, detail stack, service detail"
1000052029.JPG,333191,1200,1600,portrait,0.75,portrait,portrait / detail,"gallery, detail stack, service detail"
1000052031.JPG,303881,942,2048,portrait,0.46,portrait,portrait / detail,"gallery, detail stack, service detail"
1000052032.JPG,501882,1152,2048,portrait,0.5625,portrait,portrait / detail,"gallery, detail stack, service detail"
1000052033.JPG,314884,1536,2048,portrait,0.75,portrait,portrait / detail,"gallery, detail stack, service detail"
1000052145.JPG,615499,1536,2048,portrait,0.75,portrait,portrait / detail,"gallery, detail stack, service detail"
1000052158.JPG,413408,1200,1600,portrait,0.75,portrait,portrait / detail,"gallery, detail stack, service detail"
1000052167.JPG,443767,1536,2048,portrait,0.75,portrait,portrait / detail,"gallery, detail stack, service detail"
1000052176 2.JPG,162469,1200,1600,portrait,0.75,portrait,portrait / detail,"gallery, detail stack, service detail"
1000052181.JPG,318887,1538,2048,portrait,0.751,portrait,portrait / detail,"gallery, detail stack, service detail"
1000052182.JPG,648708,1536,2048,portrait,0.75,portrait,portrait / detail,"gallery, detail stack, service detail"
1000052183.JPG,664278,1536,2048,portrait,0.75,portrait,portrait / detail,"gallery, detail stack, service detail"
1000052184.JPG,343212,1536,2048,portrait,0.75,portrait,portrait / detail,"gallery, detail stack, service detail"
1000052187.JPG,159730,985,1360,portrait,0.7243,portrait,portrait / detail,"gallery, detail stack, service detail"
1000052190.JPG,163394,1440,2015,portrait,0.7146,portrait,portrait / detail,"gallery, detail stack, service detail"
1000052193.JPG,166352,747,1600,portrait,0.4669,portrait,portrait / detail,"gallery, detail stack, service detail"
1000052203.JPG,720050,1536,2048,portrait,0.75,portrait,portrait / detail,"gallery, detail stack, service detail"
1000052206.JPG,669678,1536,2048,portrait,0.75,portrait,portrait / detail,"gallery, detail stack, service detail"
1000052209.JPG,520068,1536,2048,portrait,0.75,portrait,portrait / detail,"gallery, detail stack, service detail"
1000052212.JPG,272362,1536,2048,portrait,0.75,portrait,portrait / detail,"gallery, detail stack, service detail"
1000052215.JPG,290327,1536,2048,portrait,0.75,portrait,portrait / detail,"gallery, detail stack, service detail"
1000052249.JPG,619416,1536,2048,portrait,0.75,portrait,portrait / detail,"gallery, detail stack, service detail"
1000052250.JPG,445106,1536,2048,portrait,0.75,portrait,portrait / detail,"gallery, detail stack, service detail"
1000052251.JPG,326490,1536,2048,portrait,0.75,portrait,portrait / detail,"gallery, detail stack, service detail"
